year,total_transactions,total_labeled,number_of_frauds_this_year,fraud_rate_labeled,label_coverage_rate
2010-01-01,29412,20505,2573,0.12548158985613264,0.69716442268461853
2011-01-01,27918,18702,37,0.0019783980322960111,0.66989039329464861
2012-01-01,29348,19894,923,0.046395898260782144,0.67786561264822132
2013-01-01,30259,20807,1337,0.064257221127505162,0.68763012657391187
2014-01-01,29919,20269,664,0.032759386254871972,0.6774624820348274
2015-01-01,31954,22186,2189,0.098665825295231227,0.69431057144645425
2016-01-01,32356,22322,2448,0.10966759250963175,0.68988750154530842
2017-01-01,30219,20402,172,0.00843054602489952,0.67513815811244582
2018-01-01,31740,21829,1629,0.07462549819048056,0.68774417139256461
2019-01-01,26256,18104,1360,0.075121520106053913,0.68951858622790985
