year,use_chip,total_transactions,total_labeled,total_frauds,fraud_rate_labeled,label_coverage_rate
2010,Online Transaction,5177,4214,2317,0.54983388704318936,0.81398493335908828
2010,Swipe Transaction,24235,16291,256,0.01571419802344853,0.672209614194347
2011,Online Transaction,3023,2046,35,0.017106549364613879,0.6768111147866358
2011,Swipe Transaction,24895,16656,2,0.00012007684918347742,0.66905001004217712
2012,Online Transaction,3895,2856,693,0.24264705882352941,0.73324775353016691
2012,Swipe Transaction,25453,17038,230,0.013499236999647847,0.669390641574667
2013,Online Transaction,4455,3337,1127,0.33772849865148336,0.74904601571268237
2013,Swipe Transaction,25804,17470,210,0.012020606754436176,0.677026817547667
2014,Online Transaction,3978,2880,562,0.19513888888888889,0.72398190045248867
2014,Swipe Transaction,25941,17389,102,0.0058657772154810514,0.67032882309856978
2015,Chip Transaction,21320,14442,191,0.013225315053316715,0.6773921200750469
2015,Online Transaction,5377,4207,1864,0.44307107202281909,0.782406546401339
2015,Swipe Transaction,5257,3537,134,0.03788521345773254,0.67281719611945978
2016,Chip Transaction,21517,14418,190,0.013177971979470108,0.67007482455732681
2016,Online Transaction,5741,4492,2096,0.46660730186999111,0.78244208326075593
2016,Swipe Transaction,5098,3412,162,0.047479484173505275,0.66928207140054918
2017,Chip Transaction,21449,14451,170,0.011763891772195697,0.67373770338943539
2017,Online Transaction,3715,2524,0,0,0.67940780619111707
2017,Swipe Transaction,5055,3427,2,0.00058360081704114382,0.67794263105835806
2018,Chip Transaction,22633,15616,1387,0.088819159836065573,0.6899659788803959
2018,Online Transaction,3791,2584,85,0.032894736842105261,0.68161434977578472
2018,Swipe Transaction,5316,3629,157,0.043262606778726925,0.6826561324303988
2019,Chip Transaction,18961,13153,1238,0.094123013761119131,0.6936870418226887
2019,Online Transaction,2979,2021,0,0,0.67841557569654243
2019,Swipe Transaction,4316,2930,122,0.041638225255972695,0.67886932344763673
