mcc,description,total_transactions,total_labeled,total_frauds,fraud_rate_labeled,label_coverage_rate,labeled_transaction_share,fraud_share,fraud_lift
5732,Electronics Stores,531,486,402,0.8271604938271605,0.9152542372881356,0.002491809330441604,0.031315727973825661,12.567465572606961
5094,Precious Stones and Metals,335,302,242,0.80132450331125826,0.90149253731343282,0.0015484082670645359,0.018851756640959727,12.17492636919253
7996,"Amusement Parks, Carnivals, Circuses",359,290,123,0.42413793103448277,0.807799442896936,0.0014868821107573357,0.0095816779621406868,6.4441409933033009
3504,Gardening Supplies,317,251,105,0.41832669322709165,0.79179810725552047,0.0012869221027589355,0.00817948118719327,6.3558479333425817
3722,Passenger Railways,370,299,118,0.39464882943143814,0.80810810810810807,0.0015330267279877357,0.0091921788579886268,5.9960982350610168
3509,Industrial Equipment and Supplies,334,261,97,0.37164750957854409,0.781437125748503,0.0013381938996816021,0.0075562826205499726,5.6466276093082231
5815,"Digital Goods - Media, Books, Apps",1776,1365,449,0.32893772893772893,0.768581081081081,0.0069986002799440113,0.034977019552855031,4.9977164223950856
5651,Family Clothing Stores,1945,1428,385,0.26960784313725489,0.73419023136246786,0.0073216126005568117,0.029991431019708654,4.0962876153031909
7801,"Athletic Fields, Commercial Sports",437,318,84,0.26415094339622641,0.72768878718535468,0.0016304431421408027,0.006543584949754616,4.0133781918716682
4722,Travel Agencies,627,466,121,0.259656652360515,0.74322169059011167,0.0023892657365962703,0.0094258783204798635,3.9450941668413568
5311,Department Stores,12400,9114,2250,0.2468729427254773,0.735,0.046729115715318473,0.1752745968684272,3.7508648341695383
5310,Discount Stores,6132,4395,859,0.19544937428896472,0.7167318982387475,0.022533954747512037,0.066915946093323991,2.969560684890971
5719,Miscellaneous Home Furnishing Stores,2242,1618,313,0.1934487021013597,0.72167707404103476,0.00829577674208748,0.024382643919918984,2.9391634656965877
7922,Theatrical Producers,1007,703,133,0.1891891891891892,0.69811320754716977,0.0036044073236634723,0.010360676170444809,2.8744465428270058
5251,Hardware Stores,831,589,72,0.12224108658743633,0.70878459687123951,0.0030199088387450716,0.00560878709978967,1.8572703347298427
4214,Motor Freight Carriers and Trucking,2293,1574,165,0.1048284625158831,0.68643698211949411,0.0080701808356277455,0.012853470437017995,1.5927115759628672
5300,Wholesale Clubs,14137,9721,991,0.10194424441929843,0.68762820966258753,0.049841313788524348,0.077198722442938378,1.5488901992128647
4829,Money Transfer,12831,8809,725,0.082302190941082987,0.68654040994466525,0.045165325909177136,0.056477370102048764,1.2504585977220444
5211,Lumber and Building Materials,3967,2696,206,0.076409495548961426,0.67960675573481222,0.013822876450350956,0.01604736309106489,1.160927911690729
5970,"Artist Supply Stores, Craft Shops",1594,1079,77,0.071362372567191842,0.676913425345044,0.0055322268879557423,0.0059982862039417309,1.0842444327438288
7995,"Betting (including Lottery Tickets, Casinos)",705,481,34,0.07068607068607069,0.68226950354609928,0.0024661734319802705,0.0026485939082340109,1.0739690379793208
5655,"Sports Apparel, Riding Apparel Stores",381,276,19,0.068840579710144928,0.72440944881889768,0.0014151015950656023,0.0014800965957778296,1.0459295650141742
5921,"Package Stores, Beer, Wine, Liquor",2845,1939,117,0.060340381640020632,0.68154657293497367,0.0099416014233050833,0.0091142790371582152,0.91678177881810263
4814,Telecommunication Services,4830,3280,162,0.049390243902439027,0.67908902691511386,0.016817149390634695,0.012619770974526759,0.75041082655509883
5912,Drug Stores and Pharmacies,17069,11561,479,0.041432402041345906,0.67730974280860035,0.05927532442229503,0.037314014177767391,0.62950333113204515
4121,Taxicabs and Limousines,10997,7507,299,0.039829492473691219,0.68264072019641719,0.038489737949845927,0.023292046428293214,0.60514951955879581
5813,Drinking Places (Alcoholic Beverages),5485,3773,136,0.036045587065995227,0.68787602552415683,0.019344848978922163,0.010594375632936043,0.54765874080896182
7210,Laundry Services,672,445,15,0.033707865168539325,0.66220238095238093,0.00228159496305867,0.0011684973124561813,0.51214055578458684
7832,Motion Picture Theaters,3156,2162,71,0.032839962997224789,0.68504435994930291,0.01108496249468055,0.0055308872789592584,0.49895408140653785
5814,Fast Food Restaurants,11031,7497,235,0.031345871682006136,0.67963013326081045,0.038438466152923262,0.01830645789514684,0.47625360029499059
9402,Postal Services - Government Only,2226,1501,47,0.0313124583610926,0.674303683737646,0.007695896718092279,0.0036612915790293684,0.47574593489827383
7542,Car Washes,893,588,15,0.025510204081632654,0.658454647256439,0.0030147816590528047,0.0011684973124561813,0.38758936619751894
8021,Dentists and Orthodontists,668,449,10,0.022271714922048998,0.67215568862275454,0.0023021036818277369,0.000778998208304121,0.3383853709341369
4899,"Cable, Satellite, and Other Pay Television Services",1108,796,16,0.020100502512562814,0.71841155234657039,0.0040812350350442729,0.0012463971332865934,0.30539704834055764
5411,"Grocery Stores, Supermarkets",34851,23488,425,0.01809434604904632,0.673954836303119,0.12042719661195966,0.033107423852925137,0.274916503782811
8011,"Doctors, Physicians",564,376,6,0.015957446808510637,0.66666666666666663,0.0019278195642922697,0.00046739892498247256,0.24244951842993742
5942,Book Stores,5008,3388,42,0.012396694214876033,0.67651757188498407,0.017370884797399493,0.003271792474877308,0.18834921266457949
5541,Service Stations,24802,16668,153,0.0091792656587473,0.67204257721151517,0.085459831110700935,0.01191867258705305,0.1394652017462347
5812,Eating Places and Restaurants,21474,14370,121,0.0084203201113430756,0.6691813355685946,0.073677572177872117,0.0094258783204798635,0.12793416017731887
5499,Miscellaneous Food Stores,25325,17031,114,0.006693676237449357,0.67249753208292207,0.087320997338993733,0.0088805795746669785,0.10170039103185209
7349,Cleaning and Maintenance Services,1103,752,4,0.0053191489361702126,0.68177697189483233,0.0038556391285845394,0.00031159928332164834,0.080816506143312469
7230,Beauty and Barber Shops,2345,1551,8,0.0051579626047711154,0.661407249466951,0.0079522557027056125,0.00062319856664329668,0.078367521108666627
7538,Automotive Service Shops,10258,6918,13,0.0018791558253830587,0.67440046792747121,0.035469829111100859,0.0010126976707953571,0.028550959961586533
4900,"Utilities - Electric, Gas, Water, Sanitary",5249,3529,0,0,0.67231853686416465,0.018093817134009097,0,0
4784,Tolls and Bridge Fees,14471,9697,0,0,0.6700988183263078,0.049718261475909943,0,0
6300,"Insurance Sales, Underwriting",1112,764,0,0,0.68705035971223016,0.00391716528489174,0,0
4111,Local and Suburban Commuter Transportation,1828,1260,0,0,0.68927789934354489,0.00646024641225601,0,0
