year,mcc,description,total_transactions,total_labeled,number_of_frauds_this_mcc_year,fraud_rate_labeled,label_coverage_rate
2010,5094,Precious Stones and Metals,33,29,26,0.896551724137931,0.87878787878787878
2011,5094,Precious Stones and Metals,8,6,1,0.16666666666666666,0.75
2012,5094,Precious Stones and Metals,25,22,13,0.59090909090909094,0.88
2013,5094,Precious Stones and Metals,25,23,17,0.73913043478260865,0.92
2014,5094,Precious Stones and Metals,15,14,11,0.7857142857142857,0.93333333333333335
2015,5094,Precious Stones and Metals,69,63,56,0.88888888888888884,0.91304347826086951
2016,5094,Precious Stones and Metals,46,40,30,0.75,0.86956521739130432
2017,5094,Precious Stones and Metals,12,11,6,0.54545454545454541,0.91666666666666663
2018,5094,Precious Stones and Metals,51,46,39,0.84782608695652173,0.90196078431372551
2019,5094,Precious Stones and Metals,51,48,43,0.89583333333333337,0.94117647058823528
2010,5311,Department Stores,1467,1146,492,0.4293193717277487,0.78118609406952966
2011,5311,Department Stores,1012,682,4,0.0058651026392961877,0.67391304347826086
2012,5311,Department Stores,1147,810,123,0.15185185185185185,0.70619006102877069
2013,5311,Department Stores,1200,883,196,0.22197055492638731,0.73583333333333334
2014,5311,Department Stores,1094,775,105,0.13548387096774195,0.7084095063985375
2015,5311,Department Stores,1334,964,274,0.28423236514522821,0.72263868065967019
2016,5311,Department Stores,1392,1062,359,0.33804143126177022,0.76293103448275867
2017,5311,Department Stores,1122,776,34,0.043814432989690719,0.69162210338680929
2018,5311,Department Stores,1478,1133,374,0.3300970873786408,0.76657645466847091
2019,5311,Department Stores,1155,884,290,0.32805429864253394,0.76536796536796536
2010,5651,Family Clothing Stores,229,172,57,0.33139534883720928,0.75109170305676853
2011,5651,Family Clothing Stores,137,85,0,0,0.62043795620437958
2012,5651,Family Clothing Stores,171,116,26,0.22413793103448276,0.67836257309941517
2013,5651,Family Clothing Stores,185,143,23,0.16083916083916083,0.772972972972973
2014,5651,Family Clothing Stores,190,133,13,0.097744360902255634,0.7
2015,5651,Family Clothing Stores,235,180,70,0.3888888888888889,0.76595744680851063
2016,5651,Family Clothing Stores,204,147,44,0.29931972789115646,0.72058823529411764
2017,5651,Family Clothing Stores,166,117,9,0.076923076923076927,0.70481927710843373
2018,5651,Family Clothing Stores,233,182,76,0.4175824175824176,0.7811158798283262
2019,5651,Family Clothing Stores,195,153,67,0.43790849673202614,0.7846153846153846
2010,5732,Electronics Stores,142,137,129,0.94160583941605835,0.96478873239436624
2011,5732,Electronics Stores,17,11,3,0.27272727272727271,0.6470588235294118
2012,5732,Electronics Stores,29,26,23,0.88461538461538458,0.896551724137931
2013,5732,Electronics Stores,52,51,34,0.66666666666666663,0.98076923076923073
2014,5732,Electronics Stores,43,36,23,0.63888888888888884,0.83720930232558144
2015,5732,Electronics Stores,105,102,92,0.90196078431372551,0.97142857142857142
2016,5732,Electronics Stores,109,103,96,0.93203883495145634,0.944954128440367
2017,5732,Electronics Stores,13,6,0,0,0.46153846153846156
2018,5732,Electronics Stores,9,6,2,0.33333333333333331,0.66666666666666663
2019,5732,Electronics Stores,12,8,0,0,0.66666666666666663
2010,5815,"Digital Goods - Media, Books, Apps",253,210,114,0.54285714285714282,0.83003952569169959
2011,5815,"Digital Goods - Media, Books, Apps",142,102,3,0.029411764705882353,0.71830985915492962
2012,5815,"Digital Goods - Media, Books, Apps",177,135,51,0.37777777777777777,0.76271186440677963
2013,5815,"Digital Goods - Media, Books, Apps",205,167,70,0.41916167664670656,0.81463414634146336
2014,5815,"Digital Goods - Media, Books, Apps",146,109,29,0.26605504587155965,0.74657534246575341
2015,5815,"Digital Goods - Media, Books, Apps",179,141,49,0.3475177304964539,0.78770949720670391
2016,5815,"Digital Goods - Media, Books, Apps",272,231,131,0.5670995670995671,0.84926470588235292
2017,5815,"Digital Goods - Media, Books, Apps",147,109,0,0,0.74149659863945583
2018,5815,"Digital Goods - Media, Books, Apps",141,90,2,0.022222222222222223,0.63829787234042556
2019,5815,"Digital Goods - Media, Books, Apps",114,71,0,0,0.6228070175438597
